{
  "x": [
    73.5776382780534,
    80.00253427139933,
    86.64236869605574,
    93.83327817837585,
    102.02692324663,
    111.37918090267338,
    121.58870956603306,
    132.73409064528585,
    144.90110868281482,
    158.183411627227,
    172.68323162938174,
    188.5121719099027,
    205.79206575458926,
    224.6559142493042,
    245.248909971959,
    267.7295545208213,
    292.2708784806138,
    319.061773216324,
    348.3084447453677,
    380.23600087837127,
    415.0901838445867,
    453.13926173773166,
    494.6760933404677,
    539.0985378313133,
    589.5211374456562,
    643.5593598641456,
    702.5509746152709,
    766.9500324524231,
    837.2522045121182,
    913.9985974299923,
    997.7799181678976,
    1089.2410206082309,
    1189.0858689100373,
    1298.0829558291925,
    1417.0712177067649,
    1546.966491652454,
    1688.768564623199,
    1843.568868652796,
    2012.5588814617026,
    2197.0392971054234,
    2398.430037246762,
    2618.281180107392,
    2858.284891217464,
    3120.2884477926605,
    3406.308456985641,
    3718.54637744789,
    4059.405463669409,
    4431.509263514618,
    4837.721811327587,
    5281.169672030285,
    5765.266005884406,
    6293.736839140078,
    6870.649742773229,
    7500.4451400480775,
    8187.970483875056,
    8938.51756702261,
    9603.49717826933
  ],
  "y": [
    9.220740864636666e-36,
    6.195540608875727e-36,
    4.154701487519077e-36,
    2.7961718608416252e-36,
    1.9355793556458813e-36,
    1.5493992160064146e-36,
    1.3005419711551673e-36,
    1.093442769886094e-36,
    9.163184966252672e-37,
    7.96032918931053e-37,
    7.419477379492635e-37,
    6.93804146942798e-37,
    6.487845028620233e-37,
    6.066860986759516e-37,
    5.968395565487146e-37,
    5.968395565487146e-37,
    5.968395565487146e-37,
    5.861928403173823e-37,
    5.968395565487146e-37,
    6.116701206383346e-37,
    6.2686920190950345e-37,
    6.413955703006951e-37,
    6.692720874078074e-37,
    7.070366630482563e-37,
    7.3229852475995565e-37,
    7.70403306675177e-37,
    8.091657141436475e-37,
    8.554593649394699e-37,
    9.01446607029184e-37,
    9.655773653250923e-37,
    1.0342705171422069e-36,
    1.1096649219534937e-36,
    1.1925050168838075e-36,
    1.2731688196883417e-36,
    1.3328584804127035e-36,
    1.3976316585192478e-36,
    1.5267486039181363e-36,
    1.665066905954628e-36,
    1.7747893904064184e-36,
    1.891742229116748e-36,
    2.107485010800127e-36,
    2.3363349016711032e-36,
    2.5355216364859487e-36,
    2.747191287516273e-36,
    2.9862885497145346e-36,
    3.2302988603248427e-36,
    3.505701450083698e-36,
    3.798363359127389e-36,
    4.135709456490982e-36,
    4.48830379653705e-36,
    4.870958944756526e-36,
    5.320951141396292e-36,
    5.7745945309659855e-36,
    6.27717684073575e-36,
    6.857079202323021e-36,
    7.453873779898414e-36,
    8.012202409579539e-36
  ]
}