{
  "x": [
    19.623853843279583,
    20.04270537207603,
    20.975323063660262,
    22.00738178017103,
    22.8730086657418,
    24.064301129410605,
    26.13196154662485,
    30.16896587805307,
    31.579509990854056,
    34.50864941000851,
    36.21931864882855,
    39.68534885801019,
    41.65263841248206,
    45.63861353337108,
    47.901019440548964,
    53.195076317730056,
    56.43560085691381,
    64.90159847775656,
    68.85525804660885,
    71.11239728181847,
    79.61117829601754,
    84.46091242029385,
    87.69981546142085,
    108.15635424983375,
    122.2450696836017,
    129.15082668440522,
    135.55311568019283,
    156.72794739497766,
    166.2754618392806,
    173.11648453830236,
    197.48704525310677,
    209.51751236797926,
    218.72475630392606,
    250.1874264796253,
    265.4282824201258,
    276.3487206189598,
    316.95116147125236,
    336.2591141534831,
    350.09372454777184,
    399.37834578253216,
    423.7075773489422,
    441.1400542900881,
    505.9544052368663,
    536.7760109073843,
    558.8604293434441,
    637.5342890901898,
    676.3714456726535,
    704.1991982564315,
    803.333196744183,
    852.2704502907626,
    887.335164179695,
    1006.823117359013
  ],
  "y": [
    1.9705706674223253e-36,
    1.0959340098707594e-36,
    6.7535963556793015e-37,
    4.755581617365486e-37,
    3.910037464522594e-37,
    2.5635983944703806e-37,
    1.2002189506618903e-37,
    3.203146716070466e-38,
    2.344092437309909e-38,
    1.2599572232436693e-38,
    9.359446587612905e-39,
    4.996106323196812e-39,
    3.731676049579055e-39,
    1.9836591410991266e-39,
    1.487845035349824e-39,
    9.006203190682943e-40,
    7.528696174288793e-40,
    4.8017758883118924e-40,
    4.023436926275628e-40,
    3.803491603675105e-40,
    2.85807895846273e-40,
    2.536254960709079e-40,
    2.3715422391115115e-40,
    1.6673323099268862e-40,
    1.4431479303850653e-40,
    1.3459176666650596e-40,
    1.2746855132828002e-40,
    1.1887830915016352e-40,
    1.1653482647129226e-40,
    1.1626217762454508e-40,
    1.1133167961544605e-40,
    1.1042267884174398e-40,
    1.109931805132883e-40,
    1.1330481499599623e-40,
    1.1330481499599623e-40,
    1.1330481499599623e-40,
    1.1790769166404324e-40,
    1.209851937186364e-40,
    1.2241048748123078e-40,
    1.3116815402667307e-40,
    1.3427687118783695e-40,
    1.3569972765167072e-40,
    1.442209237467623e-40,
    1.5025560596391766e-40,
    1.5435809558583747e-40,
    1.6932145720731119e-40,
    1.766131551316278e-40,
    1.819140393360881e-40,
    2.0184037581802643e-40,
    2.1028604718809587e-40,
    2.164707917294587e-40,
    2.4092270093462215e-40
  ]
}