{
  "x": [
    0.001014314980133416,
    0.0014065272421052378,
    0.0019228730706087771,
    0.0025550970903525094,
    0.003300034791125289,
    0.004142704447847674,
    0.005826826661888291,
    0.007314717042971204,
    0.010288348789230468,
    0.01291549665014884,
    0.01765686433839502,
    0.021544346900318867,
    0.030302710828664023,
    0.03804056104782511,
    0.045115002695782065,
    0.05826826661888297,
    0.08925186172992422,
    0.12915496650148853,
    0.18165997883753304,
    0.24834860702109074,
    0.3593813663804629,
    0.5826826661888297,
    0.9182542835656301,
    1.531740463702083,
    2.094052927411526,
    3.030271082866399,
    5.200551275510891,
    7.525636023261618,
    11.204248075250241,
    17.656864338395057,
    33.95190894769232,
    56.63519755461294,
    97.19732684867516,
    176.56864338395022,
    255.50970903525123,
    339.5190894769225,
    414.2704447847683,
    616.7703060931616,
    1000.0000000000061
  ],
  "y": [
    4.455907535446205e-36,
    3.574304018221103e-36,
    2.8671261943930767e-36,
    2.4153425010859564e-36,
    1.985511196444595e-36,
    1.4798331982375453e-36,
    8.021495037291387e-37,
    5.420539995213632e-37,
    2.8671261943931235e-37,
    1.9374657885819963e-37,
    1.187047465568151e-37,
    8.633168407011601e-38,
    5.833879397552164e-38,
    4.6796434635621144e-38,
    4.040015010570213e-38,
    3.6629398513761456e-38,
    3.487812995310797e-38,
    3.7537736819256573e-38,
    4.348083467104562e-38,
    5.161381459705165e-38,
    6.278737700531036e-38,
    7.637983632839464e-38,
    9.758019960055625e-38,
    1.187047465568151e-37,
    1.3092460629275752e-37,
    1.6321721285632904e-37,
    2.415342501085996e-37,
    3.4034148825183596e-37,
    5.161381459705165e-37,
    8.220412614575061e-37,
    1.632172128563317e-36,
    2.7977474632885966e-36,
    5.1613814597052495e-36,
    1.0247980677366153e-35,
    1.7566322474314891e-35,
    2.4752383280350114e-35,
    3.8468600159579105e-35,
    6.278737700530933e-35,
    1e-34
  ]
}