{
  "x": [
    4.9640178366735155,
    7.427340484719667,
    9.90451772034801,
    14.890753234093896,
    19.857138578719542,
    29.853826189179603,
    49.40262207658599,
    59.566214352901035,
    69.44910713781213,
    100.0,
    119.99597163578586,
    149.62356560944343,
    199.52623149688807,
    298.538261891796,
    491.6620262745646,
    694.4910713781214,
    990.4517720348015,
    10000.0
  ],
  "y": [
    6.965251508129022e-40,
    1.9289278571925736e-40,
    1.1297282209439266e-40,
    4.851472857149282e-41,
    1.4173822470471825e-41,
    3.967464149927643e-42,
    2.1103254787914668e-42,
    2.0436613046299367e-42,
    2.1103254787914668e-42,
    2.274454867332229e-42,
    2.3739123729349366e-42,
    2.9403666412306177e-42,
    3.415523274218115e-42,
    5.020459805713681e-42,
    8.039045023248604e-42,
    1.156636853678232e-41,
    1.5606609009592468e-41,
    1.5407505875173104e-40
  ]
}
