{
  "x": [
    23.124864143682743,
    23.81544597041684,
    24.51834577340175,
    25.406758860003386,
    28.46804447478006,
    29.432901645670142,
    31.201631635012454,
    33.0857958850639,
    35.186256482066064,
    37.52927481061524,
    40.02736080418242,
    42.69036362624911,
    45.529974977365335,
    48.558148724713476,
    51.786833094192744,
    55.22924539264714,
    58.90033938313044,
    62.81431849031553,
    66.98805543375096,
    71.43841617113189,
    76.18393759441693,
    81.24429557493869,
    86.64028000691387,
    92.3942696204245,
    98.52910314536173,
    105.07024628061079,
    112.04472381853515,
    119.4827492156473,
    127.4136036216002,
    135.87232893281362,
    144.89261150209643,
    154.51008527019226,
    164.76728466109367,
    175.70469116466927,
    187.36844015314304,
    199.8044945005306,
    213.0673544271037,
    227.2066806401028,
    242.28589325905082,
    258.36460953674833,
    275.511706045707,
    293.797299718851,
    313.29264781611045,
    334.08410308276234,
    356.25303279994944,
    379.8936564171422,
    405.102717972729,
    431.9817745155121,
    460.6450443241726,
    491.21181773213374,
    523.8051762844693,
    558.5653218706271,
    595.6287614429189,
    635.1541382633718,
    677.3029379909931,
    722.2445854712845,
    770.1733347018225,
    821.278635739811,
    875.7685972364364,
    933.8807335371711,
    995.8448525798183,
    1061.922977742622,
    1132.3828549452896,
    1207.5148606735725,
    1287.635991447858,
    1373.0699495121125,
    1464.1724049149027,
    1561.3194594172262,
    1664.9108040374003,
    1775.379654664624,
    1893.1797995059455,
    2018.7846447571321,
    2152.7281593835437,
    2295.5605192383755,
    2447.867722873471,
    2610.2760149040146,
    2783.459584158001,
    2968.1455026370104,
    3165.0881504825475,
    3375.0872863879313,
    3599.0313707667065,
    3837.844051228975,
    4092.4829475533734,
    4364.00626536405,
    4653.551927677566,
    4962.304468322034,
    5291.542034778181,
    5642.628387536155,
    6017.018690241535,
    6416.270956385929,
    6841.992705297708,
    7295.931330241274,
    7779.999708458295,
    8296.184917849205,
    8846.610584353726,
    9406.078354129808
  ],
  "y": [
    7.99678943651876e-43,
    5.6618115023942306e-43,
    4.102924124710968e-43,
    2.9074649965358534e-43,
    1.1710418126552511e-43,
    8.469337077949502e-44,
    6.20612146490484e-44,
    4.4668460152125755e-44,
    3.2360443932937706e-44,
    2.37387285241713e-44,
    1.8114032610786738e-44,
    1.457434911690295e-44,
    1.1967835938919583e-44,
    9.934897354467399e-45,
    8.486029775152594e-45,
    7.45828762244209e-45,
    6.581792567377823e-45,
    5.984568275779042e-45,
    5.4860837768571367e-45,
    5.111801638983025e-45,
    4.8151170553379546e-45,
    4.572783918452433e-45,
    4.384152443336362e-45,
    4.231958747020906e-45,
    4.17483967443448e-45,
    4.18620147824313e-45,
    4.255024597280661e-45,
    4.289859307929583e-45,
    4.378198868856027e-45,
    4.3901141136227217e-45,
    4.4020617856642884e-45,
    4.492711892673123e-45,
    4.5233415407433845e-45,
    4.585228725389248e-45,
    4.6353475608742686e-45,
    4.7630544955474906e-45,
    4.8413613492030116e-45,
    5.063407218445602e-45,
    5.2383789827727495e-45,
    5.463764200898485e-45,
    5.652570753651448e-45,
    5.832029892310262e-45,
    6.141096343604985e-45,
    6.387936922895682e-45,
    6.717329102209134e-45,
    7.044534633778252e-45,
    7.397724496098071e-45,
    7.853537052017571e-45,
    8.314805907347432e-45,
    8.755446233690184e-45,
    9.269687732185297e-45,
    9.694835892307512e-45,
    1.0236393119494472e-44,
    1.0735014580651455e-44,
    1.1242636229435767e-44,
    1.188679615899806e-44,
    1.243197628401986e-44,
    1.3108605835883203e-44,
    1.39921450250016e-44,
    1.4753689175471087e-44,
    1.5662741246261546e-44,
    1.656015623790987e-44,
    1.7580514206797662e-44,
    1.8739983498845434e-44,
    1.986763558024481e-44,
    2.114918585518837e-44,
    2.2513401785064774e-44,
    2.396561566985403e-44,
    2.5546194889969814e-44,
    2.7120229769608803e-44,
    2.8752151353190386e-44,
    3.077361128138345e-44,
    3.280319112566256e-44,
    3.4919141885697643e-44,
    3.722212758024978e-44,
    3.978498042711712e-44,
    4.2524293222452894e-44,
    4.514443767263155e-44,
    4.786094055046406e-44,
    5.101746317568568e-44,
    5.408736708148807e-44,
    5.710870801679412e-44,
    6.079247200395763e-44,
    6.497821231682774e-44,
    6.926365248924268e-44,
    7.393212388291326e-44,
    7.891525707061651e-44,
    8.411987259955574e-44,
    8.942437474387031e-44,
    9.454804838772122e-44,
    1.005101392696334e-43,
    1.075766441865993e-43,
    1.1482746720795552e-43,
    1.2256700629667516e-43,
    1.3100610479641047e-43,
    1.389080873422575e-43
  ]
}
