{
  "x": [
    0.5037285020421953,
    0.5372620397582158,
    0.5730232294784702,
    0.6111562349453962,
    0.651819398334756,
    0.6951749696236161,
    0.7414039909885286,
    0.7906929739498787,
    0.8432497312368855,
    0.8992947352852735,
    0.9590717410848865,
    1.0228355994976763,
    1.0908414790983278,
    1.1633755822342624,
    1.2407094898803144,
    1.316457639804029,
    1.4029956427342551,
    1.4962872627220427,
    1.5957718049951481,
    1.701863859326371,
    1.814997351963054,
    1.935642011580861,
    2.0642789635330208,
    2.201457521765202,
    2.3477289789518814,
    2.5037170990236315,
    2.670058457868996,
    2.847448829861159,
    3.0366145082764113,
    3.2383524135595274,
    3.453467324071552,
    3.6828687116367016,
    3.9274890880231683,
    4.188343696781755,
    4.466516333219493,
    4.763164057010296,
    5.0794972511008245,
    5.416803368657008,
    5.776541587704653,
    6.160099872553021,
    6.569115386114592,
    7.005357441472548,
    7.470440864646872,
    7.9664010264199945,
    8.495287823517966,
    9.059287244649912,
    9.660730405610963,
    10.30206940165713,
    10.985858356810448,
    11.715100308304908,
    12.492698177643883,
    13.321887799736974,
    15.148756571060781
  ],
  "y": [
    3.767283865800071e-37,
    2.843575332707824e-37,
    2.1757187491591653e-37,
    1.7036231400362196e-37,
    1.3595856731405077e-37,
    1.1194723278058438e-37,
    9.433066715975716e-38,
    8.189851386860725e-38,
    7.237211203522791e-38,
    6.456506744329724e-38,
    5.690003191831412e-38,
    4.906646986147222e-38,
    4.213923329923091e-38,
    3.584737089973493e-38,
    3.1457367734142245e-38,
    2.685558628142959e-38,
    2.2128382681223547e-38,
    1.8798802741824579e-38,
    1.6144775377573882e-38,
    1.3959974824566444e-38,
    1.2202773828634183e-38,
    1.0754084953927131e-38,
    9.685698847450822e-39,
    8.770999973893996e-39,
    8.073264960960832e-39,
    7.441139815062428e-39,
    6.905267946520316e-39,
    6.416700486124778e-39,
    5.995199649407409e-39,
    5.5861836312364634e-39,
    5.2691216651358504e-39,
    4.976813973753268e-39,
    4.739205741234148e-39,
    4.537538966540426e-39,
    4.356277098014247e-39,
    4.182256129285046e-39,
    4.037071164236434e-39,
    3.939521569917342e-39,
    3.807934099449759e-39,
    3.751436830938626e-39,
    3.7058358363010447e-39,
    3.601577522919876e-39,
    3.601577522919876e-39,
    3.601577522919876e-39,
    3.601577522919876e-39,
    3.601577522919876e-39,
    3.601577522919876e-39,
    3.6212075459915914e-39,
    3.710875116225092e-39,
    3.766761518502641e-39,
    3.8495567172291854e-39,
    3.944878621021217e-39,
    4.268379855874411e-39
  ]
}
