{
  "x": [
    0.17232173585451788,
    0.17497259507830576,
    0.17806468959523578,
    0.18085354389499403,
    0.18385763512230235,
    0.18752848509211095,
    0.19064345129516597,
    0.1946634623608386,
    0.19984080945011362,
    0.20394647037716612,
    0.20911232817814218,
    0.21429886979234186,
    0.2192787957347958,
    0.2255654946468498,
    0.23475179603065538,
    0.2420165241823685,
    0.24973910157509818,
    0.2593056503864459,
    0.26912608747266287,
    0.2804781137394773,
    0.2942759511714591,
    0.3078137035816158,
    0.32405261639333927,
    0.3401169016786779,
    0.3638501146603134,
    0.38884774940447636,
    0.4155627994183472,
    0.44411325647350014,
    0.4746252187432656,
    0.5072334477377494,
    0.5420819635020175,
    0.5793246807062516,
    0.6191260884372721,
    0.6616619766938585,
    0.7071202127945551,
    0.7557015711271078,
    0.8076206199042721,
    0.8631066688424985,
    0.9224047819490971,
    0.985776859891025,
    1.0535027967257826,
    1.125881716103317,
    1.20323329239884,
    1.2858991626115883,
    1.3742444352654095,
    1.468659302975524,
    1.5695607658036272,
    1.6773944730128665,
    1.7926366913570864,
    1.9157964085977004,
    2.0474175815386912,
    2.188081538508621,
    2.338409546900618,
    2.4990655571103657,
    2.67075913499115,
    2.8542485957777,
    3.0503443533203445,
    3.2599124994219593,
    3.483878629086532,
    3.7232319285741666,
    3.9790295443182027,
    4.252401252000531,
    4.54455444640689,
    4.8567794741007795
  ],
  "y": [
    2.6512002492538206e-32,
    2.0753944462596077e-32,
    1.622481298362568e-32,
    1.280667292341854e-32,
    9.850718463042373e-33,
    7.570380217598796e-33,
    5.8247400624134364e-33,
    4.466546143963159e-33,
    3.4636587579262945e-33,
    2.719630539475473e-33,
    2.128840404590503e-33,
    1.685923444939575e-33,
    1.3409004621007548e-33,
    1.0568287584605314e-33,
    8.1827586089727e-34,
    6.534352071958586e-34,
    5.194709959784228e-34,
    4.034321106106965e-34,
    3.203865332607065e-34,
    2.6022469450925016e-34,
    1.976585160785253e-34,
    1.5782980624664627e-34,
    1.2727220120188519e-34,
    1.058818768297744e-34,
    8.669533967155591e-35,
    7.037409443565537e-35,
    5.923078288207049e-35,
    5.071393375955864e-35,
    4.468026560031546e-35,
    4.0045098452588733e-35,
    3.696623559294764e-35,
    3.4417845015442884e-35,
    3.2879854048630543e-35,
    3.1620696546247454e-35,
    3.1083238434429423e-35,
    3.073001777414314e-35,
    3.073001777414314e-35,
    3.135081578220465e-35,
    3.201463107240086e-35,
    3.3005351622239736e-35,
    3.4417845015442884e-35,
    3.595921701784308e-35,
    3.774895054933237e-35,
    3.966552060710427e-35,
    4.2238853825632617e-35,
    4.485080361160909e-35,
    4.785159699022886e-35,
    5.115050023635234e-35,
    5.488552428031915e-35,
    5.889328083998961e-35,
    6.3314170568379e-35,
    6.83267207422636e-35,
    7.345574214497045e-35,
    7.919573360445265e-35,
    8.546561891900778e-35,
    9.23197710178198e-35,
    9.97236108341926e-35,
    1.076186775837045e-34,
    1.1647109785528812e-34,
    1.253334409053167e-34,
    1.3551390502233316e-34,
    1.4638181808813864e-34,
    1.5812131355271301e-34,
    1.6934450299320716e-34
  ]
}