{
  "x": [
    2.899881831138842,
    2.945915233835237,
    2.9738852947480936,
    2.992679381536842,
    3.040185874260848,
    3.117769823474,
    3.1772543545158363,
    3.248088897238734,
    3.320502643853706,
    3.3732130797472046,
    3.459295708602215,
    3.5587672855460557,
    3.6958595454655336,
    3.7663735616713687,
    3.923803500954733,
    4.011281806344291,
    4.231934991368519,
    4.4366873309786135,
    4.695508451105752,
    5.016610660568661,
    5.496447439702313,
    5.81709132937436,
    6.214892951490445,
    6.724087851308017,
    7.297953542445846,
    7.970852781593367,
    8.760813993476985,
    9.568594563226672,
    10.450855592138133,
    11.414464463514093,
    12.388629239937769,
    13.361493143789488,
    14.825134153529763,
    16.762940565963547,
    18.657860133153196,
    20.766985564283498,
    22.96937143881243,
    25.72744845870481,
    28.816705148355375,
    33.73213079747201,
    38.14128748283213,
    42.58679584931884,
    51.284522956757556,
    60.22180412538829,
    70.49417215324053,
    84.09314634569179,
    94.19073979026392,
    109.56495952347377,
    125.85289239160699,
    152.0346380270795,
    175.73976488449708,
    200.5975301100415,
    227.5333932775281,
    263.01022949022035,
    304.0185874260846,
    353.6418155319102,
    401.128180634428,
    452.13357432108023,
    509.6245511971667,
    578.0559878669403,
    663.9898226015946,
    748.4193489743365,
    843.5844991185345,
    938.9451411053773,
    1058.3365697915985,
    100000.0
  ],
  "y": [
    2.9446016334958855e-37,
    1.805664950676313e-37,
    1.268366718468395e-37,
    9.798293459860223e-38,
    6.789822281224013e-38,
    4.517178544052344e-38,
    3.350223235173774e-38,
    2.418136575178349e-38,
    1.630757484877211e-38,
    1.193153075948492e-38,
    8.495785518249188e-39,
    5.652133217688221e-39,
    3.51336049644857e-39,
    2.9246688271361803e-39,
    1.8807725741625548e-39,
    1.4929363691490166e-39,
    1.0345447056902376e-39,
    7.366422721240103e-40,
    5.1046339171703474e-40,
    3.4895776072282594e-40,
    2.3058542805883763e-40,
    1.868041114972634e-40,
    1.4628228661820515e-40,
    1.1533122439135509e-40,
    9.154864429528762e-41,
    7.518067050571058e-41,
    6.258354747641344e-41,
    5.426418370800244e-41,
    4.834658265658944e-41,
    4.3367874909459467e-41,
    4.0245725805029037e-41,
    3.837698005790586e-41,
    3.585686130795566e-41,
    3.3502232351738286e-41,
    3.2604259141009453e-41,
    3.19466099104946e-41,
    3.1515563282744454e-41,
    3.1515563282744454e-41,
    3.1730354651395623e-41,
    3.2164339037049054e-41,
    3.3275446662805473e-41,
    3.442493717448385e-41,
    3.7095526028815264e-41,
    4.0245725805029037e-41,
    4.366344459748074e-41,
    4.834658265658944e-41,
    5.209717322799156e-41,
    5.807801966087034e-41,
    6.430719802228569e-41,
    7.416627885087659e-41,
    8.324419967983622e-41,
    9.343325413790333e-41,
    1.0345447056902545e-40,
    1.177054196874405e-40,
    1.33012913196091e-40,
    1.523669785218205e-40,
    1.7335567090309705e-40,
    1.9194899416590705e-40,
    2.1544346900318603e-40,
    2.451210063563034e-40,
    2.788866519608371e-40,
    3.109033264598151e-40,
    3.5133604964486277e-40,
    3.837698005790586e-40,
    4.336787490945947e-40,
    4.097739428771626e-38
  ]
}