{
  "x": [
    0.10433095593552331,
    0.11063271225815105,
    0.11663075164184517,
    0.12295434903309031,
    0.12924126066480401,
    0.13584994143230794,
    0.14363351467650468,
    0.15275162585166108,
    0.16292400827333062,
    0.1737732431994761,
    0.18480670813663955,
    0.19653650456708124,
    0.20960975842352988,
    0.22355225501445156,
    0.23842332970703206,
    0.2542855296397844,
    0.2712019231443872,
    0.2892429715987365,
    0.3084844098261678,
    0.32900720336198463,
    0.35089418284249346,
    0.3742371786833896,
    0.3991333785876016,
    0.425686500907408,
    0.45400537681492814,
    0.4842073774534262,
    0.5164075119202409,
    0.5491540981697141,
    0.5573564506658251,
    0.5648541615503309,
    0.5691119376037898,
    0.5877774747806743,
    0.6232273611299225,
    0.664692584765238,
    0.7089165520531187,
    0.7642538058875241,
    0.8206264061951797,
    0.8752036674097023,
    0.9334106892792456,
    0.9954880595794856,
    1.0616956854950814,
    1.1323038438565214,
    1.207605823572234,
    1.2879166917617764,
    1.3735663184898161,
    1.4649154587951607,
    1.5623397811446458,
    1.6662433160167858,
    1.7813519024233515,
    1.8844173520436784,
    2.00489546166546,
    2.143105752276618,
    2.2856135011423824,
    2.5996748824541327,
    2.8469693782703747,
    3.116872435156423,
    3.3241412153211614,
    3.54519606047226,
    3.780954116160719,
    4.032396861484584,
    4.300543539673764,
    4.586525219084007,
    4.90664185298978
  ],
  "y": [
    2.6248553772046267e-35,
    1.8458132380098851e-35,
    1.313165002423908e-35,
    9.295803063065863e-36,
    6.697588222296317e-36,
    4.8075855932130194e-36,
    3.4476316119977964e-36,
    2.511279162240772e-36,
    1.827245924874189e-36,
    1.336779141410088e-36,
    9.561491067879778e-37,
    7.0868597916964596e-37,
    5.803633441066618e-37,
    4.765697069226801e-37,
    3.8816101734274775e-37,
    3.1231003619573437e-37,
    2.5299432277407652e-37,
    2.057813906049291e-37,
    1.6715187686231943e-37,
    1.348545503725436e-37,
    1.0939075069838158e-37,
    8.873513207598679e-38,
    7.188204682529871e-38,
    5.807175422330187e-38,
    4.704243357334599e-38,
    3.821157511298994e-38,
    3.2154689557134385e-38,
    2.610083489698989e-38,
    1.8213266353224868e-38,
    1.276027838728673e-38,
    9.081801807826392e-39,
    7.298433431712506e-39,
    5.906250524888851e-39,
    4.726343024014191e-39,
    3.782719912850734e-39,
    3.17670885157041e-39,
    2.533032239502997e-39,
    2.1113438220873327e-39,
    1.7598562961602893e-39,
    1.4688776171171428e-39,
    1.2226824968254998e-39,
    1.0219090948127393e-39,
    8.564285926487582e-40,
    7.167701152116126e-40,
    6.015184405704023e-40,
    5.0274471640220056e-40,
    4.2019035963494564e-40,
    3.511920316013788e-40,
    3.0383876518129497e-40,
    2.475948403679188e-40,
    2.1361726447711746e-40,
    1.771731504301301e-40,
    1.5020804081665541e-40,
    1.0884906515892625e-40,
    8.562722661575552e-41,
    6.682768519212798e-41,
    5.638792633825494e-41,
    4.751444568235248e-41,
    3.998296971212767e-41,
    3.3553984855398473e-41,
    2.835071212605295e-41,
    2.392179023416528e-41,
    2.0449276866568207e-41
  ]
}
