{
  "x": [
    73.48060473028232,
    78.63188339476746,
    83.4762165594661,
    88.61899817532012,
    94.07861497894913,
    101.07594489027349,
    109.89995651600087,
    119.9715223672391,
    130.96607710684017,
    142.96820624023832,
    156.0702469455258,
    170.37299846028202,
    185.98649757040963,
    203.03086516712304,
    221.63723038499128,
    241.94873943079781,
    264.121656864542,
    288.32656780517596,
    314.74969031012927,
    343.5943080252761,
    375.08233412730067,
    409.4560185904901,
    446.9798119126424,
    487.9423996384785,
    532.658923332959,
    634.7613942387143,
    692.9328565810874,
    901.4322725041178,
    1074.2228864319882,
    1397.4502269528393,
    1525.5168106965205,
    1665.319805194195,
    1817.9347707783038,
    1984.5358353973204,
    2160.6560383651436,
    2364.940637643399,
    2581.670981506883,
    2818.2631524300054,
    3076.5373485775212,
    3358.480576603103,
    3666.261938485971,
    4002.2493192996544,
    4369.027604298622,
    4769.418565473975,
    5206.50257057361,
    5683.642281602873,
    6204.508525127827,
    6773.108533411687,
    7393.81677365478,
    8071.408602519715,
    8811.097004859459,
    9542.205266624422
  ],
  "y": [
    8.865626227865555e-30,
    6.485477444627735e-30,
    4.839980629769851e-30,
    3.5755039261518194e-30,
    2.6503317533326676e-30,
    1.9159760167703745e-30,
    1.5130612645538489e-30,
    1.2736599786980743e-30,
    1.0747788368347377e-30,
    9.05837723433066e-31,
    7.7862907159032175e-31,
    7.196725746598305e-31,
    6.767364859687057e-31,
    6.347980975528013e-31,
    5.969256700389921e-31,
    5.78845384993172e-31,
    5.752955821998901e-31,
    5.752955821998901e-31,
    5.731761583844606e-31,
    5.7388176400092805e-31,
    5.889017924256431e-31,
    6.050588742205044e-31,
    6.216592409492603e-31,
    6.4028859639855565e-31,
    6.684616855936164e-31,
    7.366934186355248e-31,
    7.729026059356203e-31,
    9.27261525173934e-31,
    1.0538291095636404e-30,
    1.3086040537872401e-30,
    1.4088562873473093e-30,
    1.5130612645538489e-30,
    1.6249736831595558e-30,
    1.7494630126413235e-30,
    1.895629546110286e-30,
    2.0352818182920097e-30,
    2.2074396008435638e-30,
    2.39415964294397e-30,
    2.5966737181443994e-30,
    2.812855040662923e-30,
    3.0470341439111685e-30,
    3.304772721861437e-30,
    3.584312556846049e-30,
    3.8922834298360996e-30,
    4.231919016259039e-30,
    4.5955334536694446e-30,
    5.002684679534467e-30,
    5.4526125068525445e-30,
    5.9356985051840995e-30,
    6.461584552389657e-30,
    7.034062611370005e-30,
    7.59471322648206e-30
  ]
}