{
  "x": [
    14.435788160637573,
    14.584032384335364,
    14.703723108577961,
    14.816137056237011,
    14.93431785246664,
    15.169641633359607,
    15.352586097220138,
    15.616085931636814,
    15.783065014959966,
    16.113876953641096,
    16.277725571324456,
    16.55004966282325,
    16.82663582400703,
    17.197414176190406,
    17.476270974942853,
    17.84265737823141,
    18.102550471037148,
    18.503867436743523,
    18.879428508671836,
    19.305300011298556,
    19.801377450489024,
    20.38990232560421,
    21.018812749569562,
    21.64057333999477,
    22.347600511560678,
    23.002400328406896,
    23.669936488742664,
    24.356844737164614,
    25.166325571612834,
    26.17532946964458,
    27.32563844790264,
    28.521642153429568,
    30.309263878250466,
    32.357350605117425,
    34.54383261791473,
    36.8780616959965,
    39.37002154614484,
    42.03037050377776,
    44.77889376302838,
    47.12582419433106,
    53.366048177866354,
    56.87245304078963,
    60.71549313127466,
    64.81821882256335,
    69.19817783980999,
    73.87410365992837,
    78.8659956363503,
    84.19520453805067,
    89.88452386869834,
    95.95828735651237,
    102.44247303179644,
    109.36481433730098,
    116.7549187466406,
    124.64439439811028,
    133.06698528552306,
    142.058715584293,
    151.65804373005972,
    161.90602690886055,
    172.84649666239204,
    184.52624635943863,
    196.99523133530093,
    210.30678255523776,
    224.5178347157808,
    239.68916975952868,
    255.88567684495882,
    270.95292718995097,
    328.3308546059695,
    350.51714286557706,
    374.20262433177186,
    399.48860392966833,
    426.4832320582016,
    455.3019671590736,
    486.06806954284247,
    518.9131285843098,
    553.9776255420592,
    591.4115344093783,
    631.374963366459,
    674.038839577418,
    719.5856402610844,
    768.210173162405,
    820.1204097626115,
    875.5383747918718,
    934.7010958489369,
    981.6822224330267
  ],
  "y": [
    8.992725765705957e-33,
    7.730768547095799e-33,
    6.624042925052837e-33,
    5.725178227828571e-33,
    4.928591200053077e-33,
    4.129032208864807e-33,
    3.4496963042139414e-33,
    2.8898529888118208e-33,
    2.4821841983852143e-33,
    2.105189982010488e-33,
    1.766964314181344e-33,
    1.4781994010258637e-33,
    1.2220455199554975e-33,
    1.0405289447038544e-33,
    8.910975150031412e-34,
    7.575702845567143e-34,
    6.4791867516313245e-34,
    5.524212025374223e-34,
    4.7120243206458575e-34,
    4.066208075984088e-34,
    3.5349707475135437e-34,
    3.0434705151939165e-34,
    2.6121810947942765e-34,
    2.239762500798244e-34,
    1.9239594307659525e-34,
    1.6555688085073322e-34,
    1.4337156120313423e-34,
    1.2436232742185129e-34,
    1.069563662529885e-34,
    9.282926846735961e-35,
    8.074100821222759e-35,
    6.970450634828256e-35,
    5.957211200118474e-35,
    5.203179120437009e-35,
    4.6193118744175733e-35,
    4.0554562007724884e-35,
    3.567565493738576e-35,
    3.2211556274459564e-35,
    2.9117680651230585e-35,
    2.7489861858115313e-35,
    2.461349664206145e-35,
    2.4044714728573536e-35,
    2.3601675407914927e-35,
    2.3133681161185254e-35,
    2.2642551596959424e-35,
    2.2352892953936235e-35,
    2.2161848745506887e-35,
    2.2320938267534393e-35,
    2.2526240419657189e-35,
    2.2837739660750301e-35,
    2.3440163237380438e-35,
    2.3825573336623944e-35,
    2.4099814293593743e-35,
    2.4433073360490167e-35,
    2.4984476478526657e-35,
    2.5555634424005927e-35,
    2.6229751780690786e-35,
    2.7153726945594114e-35,
    2.816660613806452e-35,
    2.967218641147076e-35,
    3.1088779098511214e-35,
    3.180858416041855e-35,
    3.2985658212354325e-35,
    3.4481425025325433e-35,
    3.6065650823564995e-35,
    3.7614886667130855e-35,
    4.5432883159007166e-35,
    4.7847700093504503e-35,
    5.011767634467008e-35,
    5.308439406342312e-35,
    5.598593373443058e-35,
    5.85749264686466e-35,
    6.124858524945099e-35,
    6.393443340424107e-35,
    6.702509771680595e-35,
    7.062797294561883e-35,
    7.480879843593831e-35,
    7.939596384093844e-35,
    8.433676659256493e-35,
    8.963631300566354e-35,
    9.521437164390132e-35,
    1.0357011861249197e-34,
    1.1093190939339001e-34,
    1.1539955833990828e-34
  ]
}